{
  "categories": [
    {
      "name": "Music",
      "levels": [
        {
          "score": 100,
          "question": "What band sang this? 'Cause I want it that way'",
          "answers": [
            "Backstreet Boys",
            "backstreet boys",
            "back street boys"
          ]
        },
        {
          "score": 200,
          "question": "Complete: 'Once I was seven years old my momma told me Go make ___ some friends'",
          "answers": [
            "yourself",
            "your self",
            "Yourself"
          ]
        },
        {
          "score": 300,
          "question": "What movie is this song from? 'See the line where the sky meets the sea'",
          "answers": [
            "Moana",
            "moana"
          ]
        },
        {
          "score": 400,
          "question": "This artist would 'catch a grenade for ya'",
          "answers": [
            "Bruno Mars",
            "Bruno",
            "bruno mars",
            "Bruno mars"
          ]
        },
        {
          "score": 500,
          "question": "This singer sings treat you better",
          "answers": [
            "Shawn Mendes",
            "shawn mendes",
            "shawn",
            "Shawn mendes"
          ]
        }
      ]
    },
    {
      "name": "Cornell",
      "levels": [
        {
          "score": 100,
          "question": "Who is the professor of CS3110?",
          "answers": [
            "Michael Clarkson",
            "clarkson",
            "Clarkson",
            "michael",
            "Michael"
          ]
        },
        {
          "score": 200,
          "question": "Cornell University was founded in this year",
          "answers": [
            "1865"
          ]
        },
        {
          "score": 300,
          "question": "On the morning of October 8, 1997, this peculiar object was found atop McGraw Tower.",
          "answers": [
            "a pumpkin",
            "the pumpkin",
            "pumpkin",
            "Pumpkin",
            "a Pumpkin"
          ]
        },
        {
          "score": 400,
          "question": "What is Cornell University's oldest building?",
          "answers": [
            "Morrill Hall",
            "morrill hall",
            "morrill",
            "Morrill",
            "morill",
            "Morril",
            "Morill"
          ]
        },
        {
          "score": 500,
          "question": "Ezra Cornell, in addition to founding Cornell University, founded this financial service company.",
          "answers": [
            "Western union",
            "Western  Union",
            "western union"
          ]
        }
      ]
    },
    {
      "name": "Quotes",
      "levels": [
        {
          "score": 100,
          "question": "Complete: 'May the _____ be with you' ",
          "answers": [
            "force",
            "Force"
          ]
        },
        {
          "score": 200,
          "question": "Complete: 'Mama always said life was like a box of _____. You never know what you're gonna get' ",
          "answers": [
            "chocolates",
            "Chocolates"
          ]
        },
        {
          "score": 300,
          "question": "Who said this? 'Program testing can at best show the presence of errors but never their absence.'",
          "answers": [
            "Dijkstra",
            "dijkstra",
            "Edsger",
            "edsger",
            "Edsger Dijkstra",
            "edsger dijkstra"
          ]
        },
        {
          "score": 400,
          "question": "Which movie/book is this quote from? 'It matters not what someone is born, but what they grow to be.' ",
          "answers": [
            "Harry Potter and the Goblet of Fire",
            "harry potter and the goblet of fire",
            "Harry Potter And The Goblet Of Fire",
            "Harry Potter",
            "harry potter"
          ]
        },
        {
          "score": 500,
          "question": "Which movie is this quote from? 'I'm going to make him an offer he can't refuse.' ",
          "answers": [
            "The Godfather",
            "the godfather",
            "Godfather",
            "godfather"
          ]
        }
      ]
    },
    {
      "name": "Disney",
      "levels": [
        {
          "score": 100,
          "question": "Which movie is the song 'Circle of Life' from?",
          "answers": [
            "The Lion King",
            "the lion king",
            "Lion King",
            "lion king"
          ]
        },
        {
          "score": 200,
          "question": "Who was the original Disney princess?",
          "answers": [
            "Snow White",
            "snow white",
            "Snow white"
          ]
        },
        {
          "score": 300,
          "question": "What is the dragon's name in Mulan?",
          "answers": [
            "mushu",
            "Mushu"
          ]
        },
        {
          "score": 400,
          "question": "The castle in Disneyland is named after which princess?",
          "answers": [
            "Sleeping Beauty",
            "sleeping beauty",
            "Sleeping beauty"
          ]
        },
        {
          "score": 500,
          "question": "Which country is the movie 'Frozen' set in?",
          "answers": [
            "Norway",
            "norway"
          ]
        }
      ]
    }
  ]
}