{
  "categories": [
    {
      "name": "Music",
      "levels": [
        {
          "score": 100,
          "question": "What band sang this? 'Cause I want it that way'",
          "answers": [
            "backstreet boys"
          ],
          "hint": "Two words, both start with 'B'."
        },
        {
          "score": 200,
          "question": "Complete: 'Once I was seven years old my momma told me Go make ___ some friends'",
          "answers": [
            "yourself"
          ],
          "hint": "Synonym of you."
        },
        {
          "score": 300,
          "question": "What movie is this song from? 'Because I'm happy Clap along if you feel like a room without a roof'",
          "answers": [
            "despicable me 2",
            "despicable me"
          ],
          "hint": "This movie features tiny yellow creatures."
        },
        {
          "score": 400,
          "question": "This artist would 'catch a grenade for ya'.",
          "answers": [
            "bruno mars"
          ],
          "hint": "This artist sang a song about being lazy."
        },
        {
          "score": 500,
          "question": "This singer sings treat you better.",
          "answers": [
            "shawn mendes"
          ],
          "hint": "this artist is 20 years old."
        }
      ]
    },
    {
      "name": "Cornell",
      "levels": [
        {
          "score": 100,
          "question": "Who is the professor of CS3110?",
          "answers": [
            "michael clarkson",
            "clarkson",
            "michael"
          ],
          "hint": "You're in this class!!"
        },
        {
          "score": 200,
          "question": "Cornell University was founded in this year",
          "answers": [
            "1865"
          ],
          "hint": "An eventful time in American history, this year saw the end of the civil war, and the assassination of Abraham Lincoln."
        },
        {
          "score": 300,
          "question": "On the morning of October 8, 1997, this peculiar object was found atop McGraw Tower.",
          "answers": [
            "a pumpkin",
            "the pumpkin",
            "pumpkin"
          ],
          "hint": "This object was very seasonal for the spooky month of October."
        },
        {
          "score": 400,
          "question": "What is Cornell University's oldest building?",
          "answers": [
            "morrill hall",
            "morrill",
            "morill",
            "morril"
          ],
          "hint": "This arts quad building, home to the linguistics department, is also under heavy renovations this year."
        },
        {
          "score": 500,
          "question": "Ezra Cornell, in addition to founding Cornell University, helped found this financial service company.",
          "answers": [
            "western  union",
            "western union"
          ],
          "hint": "Originally a telegraph company, it now mostly serves as a money transfer service."
        }
      ]
    },
    {
      "name": "Quotes",
      "levels": [
        {
          "score": 100,
          "question": "Complete: 'May the _____ be with you'. ",
          "answers": [
            "force"
          ],
          "hint": "This quote is from Star Wars."
        },
        {
          "score": 200,
          "question": "Complete: 'Mama always said life was like a box of _____. You never know what you're gonna get'. ",
          "answers": [
            "chocolates"
          ],
          "hint": "A brown and sweet snack."
        },
        {
          "score": 300,
          "question": "Who said this? 'Program testing can at best show the presence of errors but never their absence.'",
          "answers": [
            "dijkstra",
            "edsger",
            "edsger dijkstra"
          ],
          "hint": "A Dutch programmer who invented an algorithm for finding the shortest paths between nodes in a graph."
        },
        {
          "score": 400,
          "question": "Which movie/book is this quote from? 'It matters not what someone is born, but what they grow to be.' ",
          "answers": [
            "harry potter and the goblet of fire",
            "harry potter"
          ],
          "hint": "The fourth of a series of fantasy novels featuring a young wizard."
        },
        {
          "score": 500,
          "question": "Which movie is this quote from? 'I'm going to make him an offer he can't refuse.' ",
          "answers": [
            "the godfather",
            "godfather"
          ],
          "hint": "A famous mob drama."
        }
      ]
    },
    {
      "name": "Disney",
      "levels": [
        {
          "score": 100,
          "question": "Which movie is the song 'Circle of Life' from?",
          "answers": [
            "the lion king",
            "lion king"
          ],
          "hint": "It's the movie featuring lions."
        },
        {
          "score": 200,
          "question": "Who was the original Disney princess?",
          "answers": [
            "snow white"
          ],
          "hint": "Who bites the poisoned apple?"
        },
        {
          "score": 300,
          "question": "What is the dragon's name in Mulan?",
          "answers": [
            "mushu"
          ],
          "hint": "M _ s h _"
        },
        {
          "score": 400,
          "question": "The castle in Disneyland is named after which princess?",
          "answers": [
            "sleeping beauty"
          ],
          "hint": "The villian in the movie this princess is featured in is Maleficient."
        },
        {
          "score": 500,
          "question": "Which country is the movie 'Frozen' set in?",
          "answers": [
            "norway"
          ],
          "hint": "The country is next to Sweden."
        }
      ]
    }
  ]
}